"country","iso3","registrants"
"United States","USA",55
"Canada","CAN",28
"United Kingdom","GBR",25
"India","IND",18
"Mexico","MEX",13
"Turkey","TUR",13
"Germany","DEU",10
"Nigeria","NGA",7
"Spain","ESP",7
"China","CHN",6
"Austria","AUT",5
"Brazil","BRA",5
"France","FRA",5
"Malaysia","MYS",5
"Netherlands","NLD",5
"Poland","POL",5
"Belgium","BEL",4
"Ireland","IRL",3
"Portugal","PRT",3
"Argentina","ARG",2
"Australia","AUS",2
"Chile","CHL",2
"Ethiopia","ETH",2
"Greece","GRC",2
"Israel","ISR",2
"Italy","ITA",2
"Norway","NOR",2
"Pakistan","PAK",2
"Philippines","PHL",2
"Saudi Arabia","SAU",2
"Sweden","SWE",2
"Bosnia & Herzegovina","BIH",1
"Bulgaria","BGR",1
"Cameroon","CMR",1
"Colombia","COL",1
"Cyprus","CYP",1
"Czechia","CZE",1
"Ecuador","ECU",1
"Egypt","EGY",1
"Ghana","GHA",1
"Indonesia","IDN",1
"Montenegro","MNE",1
"Nepal","NPL",1
"North Macedonia","MKD",1
"Russia","RUS",1
"Singapore","SGP",1
"South Africa","ZAF",1
"Sri Lanka","LKA",1
"Switzerland","CHE",1
"Syria","SYR",1
"Tunisia","TUN",1
